Timestamp,Age (in years),Gender,Which region of Sri Lanka are you from? (Province)  ,Your blood type,Does your working environment frequently expose you to any of the following?   ,How familiar are you with the concept of food allergies and their symptoms?  ,Have you personally experienced an allergic reaction to food?  ,Which of the following best describes your current dietary pattern?  ,"How often do you consume meals prepared outside of your home (e.g., restaurants, delivery, street food, or canteens)?  ",Have you ever been told by a doctor that you have any of the following?,Have you been diagnosed with lactose intolerance?  ,"Does anyone in your close family have a known history of food allergies, asthma, or eczema? If YES, please specify the food or foods","For each of the following foods, please select the option that best describes your reaction after eating it.   [Cow's Milk/Diary]","For each of the following foods, please select the option that best describes your reaction after eating it.   [Eggs]","For each of the following foods, please select the option that best describes your reaction after eating it.   [Peanuts]","For each of the following foods, please select the option that best describes your reaction after eating it.   [Tree Nuts (Cashews, Almonds, Walnuts)]","For each of the following foods, please select the option that best describes your reaction after eating it.   [Wheat / Gluten]","For each of the following foods, please select the option that best describes your reaction after eating it.   [Soy]","For each of the following foods, please select the option that best describes your reaction after eating it.   [Sesame]","For each of the following foods, please select the option that best describes your reaction after eating it.   [Prawns / Shrimp]","For each of the following foods, please select the option that best describes your reaction after eating it.   [Crab]","For each of the following foods, please select the option that best describes your reaction after eating it.   [Cuttlefish / Squid (Dallo)]","For each of the following foods, please select the option that best describes your reaction after eating it.   [Dry Fish / Sprats (Karawala / Halmessa)]","For each of the following foods, please select the option that best describes your reaction after eating it.   [Tuna / Balaya / Kelawalla]","For each of the following foods, please select the option that best describes your reaction after eating it.   [Beef]","For each of the following foods, please select the option that best describes your reaction after eating it.   [Pork]","For each of the following foods, please select the option that best describes your reaction after eating it.   [Lamb/Mutton]","For each of the following foods, please select the option that best describes your reaction after eating it.   [Coconut (Milk / Oil / Scraped)]","For each of the following foods, please select the option that best describes your reaction after eating it.   [Spicy/Oily Foods]",Do you experience symptoms after eating spicy or heavily spiced foods? [Spices],"Have you ever reacted to native Sri Lankan foods?  ( Sarana, Moringa, Jackfruit,Cassava, Rambutan, Tomato  and Pineapple) If it is yes list down those foods",Do you have allergies to any other foods not listed in this form?  If it is yes list down those foods
6/24/2026 15:26,20,Male,Western Province,O+,Standard home environment (Work from Home / Remote),Somewhat familiar (I know the basics),Yes,"Omnivore (Eats everything),",1–2 times a week,None of these,No,,No reaction,No reaction,No reaction,No reaction,No reaction,No reaction,No reaction,No reaction,No reaction,No reaction,No reaction,No reaction,No reaction,"Mild Allergic Reaction (Skin rash, Itching, Runny nose)",No reaction,No reaction,No reaction,No reaction,,
6/24/2026 15:36,25,Female,Western Province,O+,Standard home environment (Work from Home / Remote),Somewhat familiar (I know the basics),No,"Omnivore (Eats everything),",1–2 times a week,None of these,Yes,,"Mild Intolerance (Stomach pain, Nausea)",No reaction,No reaction,No reaction,No reaction,No reaction,No reaction,No reaction,No reaction,No reaction,No reaction,No reaction,No reaction,No reaction,No reaction,No reaction,No reaction,No reaction,,
6/24/2026 17:00,24,Female,North Western Province,O+,Continuous air-conditioning,Somewhat familiar (I know the basics),No,"Omnivore (Eats everything),",1–2 times a week,None of these,No,,No reaction,No reaction,No reaction,"Mild Intolerance (Stomach pain, Nausea)",No reaction,No reaction,No reaction,No reaction,"Mild Allergic Reaction (Skin rash, Itching, Runny nose)","Mild Allergic Reaction (Skin rash, Itching, Runny nose)",No reaction,No reaction,"Mild Allergic Reaction (Skin rash, Itching, Runny nose)","Mild Allergic Reaction (Skin rash, Itching, Runny nose)",No reaction,No reaction,No reaction,No reaction,,
6/24/2026 17:55,25,Female,Western Province,A+,Standard home environment (Work from Home / Remote),Somewhat familiar (I know the basics),Yes,"Omnivore (Eats everything),",1–2 times a week,None of these,No,,No reaction,No reaction,No reaction,No reaction,No reaction,No reaction,No reaction,"Mild Allergic Reaction (Skin rash, Itching, Runny nose)","Mild Allergic Reaction (Skin rash, Itching, Runny nose)",No reaction,No reaction,"Mild Intolerance (Stomach pain, Nausea)",No reaction,No reaction,No reaction,No reaction,"Mild Intolerance (Stomach pain, Nausea)",No reaction,Yes for pineapple,No 
6/24/2026 17:57,31,Male,Western Province,A+,"Dust or strong pollutants, Extreme heat or direct sunlight, Agricultural or plant materials",Somewhat familiar (I know the basics),No,"Omnivore (Eats everything),",1–2 times a week,None of these,No,,No reaction,No reaction,No reaction,No reaction,No reaction,No reaction,No reaction,No reaction,No reaction,No reaction,No reaction,No reaction,No reaction,No reaction,No reaction,No reaction,No reaction,No reaction,No ,No
6/24/2026 17:59,56,Female,Western Province,A+,Continuous air-conditioning,Somewhat familiar (I know the basics),No,"Omnivore (Eats everything),",1–2 times a week,None of these,No,,No reaction,No reaction,No reaction,No reaction,No reaction,No reaction,No reaction,No reaction,No reaction,No reaction,No reaction,No reaction,No reaction,No reaction,No reaction,No reaction,No reaction,No reaction,,
6/24/2026 18:00,60,Male,Western Province,A+,"Dust or strong pollutants, Extreme heat or direct sunlight, Agricultural or plant materials",Very familiar (I have researched it or have direct experience),Yes,"Omnivore (Eats everything),",1–2 times a week,Food Allergy,Yes,,No reaction,No reaction,No reaction,No reaction,No reaction,No reaction,No reaction,"Severe Allergic Reaction (Swelling, Breathing difficulty)","Severe Allergic Reaction (Swelling, Breathing difficulty)","Severe Allergic Reaction (Swelling, Breathing difficulty)",No reaction,"Mild Intolerance (Stomach pain, Nausea)",No reaction,No reaction,No reaction,No reaction,No reaction,cumin,Rambutan and pineapple,
6/24/2026 18:02,25,Male,Central Province,O+,Standard home environment (Work from Home / Remote),Very familiar (I have researched it or have direct experience),Yes,"Omnivore (Eats everything),",3–4 times a week,Food Allergy,No,,No reaction,No reaction,No reaction,No reaction,No reaction,"Mild Intolerance (Stomach pain, Nausea)","Mild Intolerance (Stomach pain, Nausea)",No reaction,No reaction,No reaction,"Mild Intolerance (Stomach pain, Nausea)","Mild Intolerance (Stomach pain, Nausea)","Mild Allergic Reaction (Skin rash, Itching, Runny nose)","Mild Intolerance (Stomach pain, Nausea)","Mild Allergic Reaction (Skin rash, Itching, Runny nose)",No reaction,"Severe Allergic Reaction (Swelling, Breathing difficulty)",fenugreek,,
6/24/2026 20:50,24,Male,Uva Province,A+,"Dust or strong pollutants, Continuous air-conditioning, Standard home environment (Work from Home / Remote)",Somewhat familiar (I know the basics),No,"Omnivore (Eats everything),",Daily,Asthma,No,no,No reaction,No reaction,No reaction,No reaction,No reaction,No reaction,No reaction,No reaction,No reaction,No reaction,No reaction,No reaction,No reaction,No reaction,No reaction,No reaction,No reaction,No reaction,no,no
6/25/2026 7:13,26,Male,Sabaragamuwa Province,I don't know / Not sure,None of the above,Very familiar (I have researched it or have direct experience),Yes,"Omnivore (Eats everything),",1–2 times a week,Food Allergy,Yes,"Yes(some meats,pork/beef)",No reaction,No reaction,No reaction,No reaction,No reaction,"Mild Allergic Reaction (Skin rash, Itching, Runny nose)",No reaction,No reaction,No reaction,No reaction,No reaction,No reaction,"Mild Allergic Reaction (Skin rash, Itching, Runny nose)","Mild Allergic Reaction (Skin rash, Itching, Runny nose)","Mild Intolerance (Stomach pain, Nausea)",No reaction,No reaction,No reaction,No,No
6/25/2026 9:54,25,Male,Southern Province,A+,None of the above,Somewhat familiar (I know the basics),No,"Omnivore (Eats everything),",Daily,None of these,No,"Prawns, Tomato, Pineapple ",No reaction,No reaction,No reaction,No reaction,No reaction,No reaction,No reaction,No reaction,No reaction,No reaction,No reaction,No reaction,No reaction,No reaction,No reaction,No reaction,No reaction,No reaction,No,No
6/25/2026 9:59,25,Female,Western Province,O+,Standard home environment (Work from Home / Remote),Somewhat familiar (I know the basics),No,"Omnivore (Eats everything),",1–2 times a week,None of these,No,No,No reaction,No reaction,No reaction,No reaction,No reaction,No reaction,No reaction,No reaction,No reaction,No reaction,No reaction,No reaction,"Mild Intolerance (Stomach pain, Nausea)","Mild Intolerance (Stomach pain, Nausea)","Mild Intolerance (Stomach pain, Nausea)",No reaction,"Mild Intolerance (Stomach pain, Nausea)",No reaction,No,No
6/25/2026 10:03,22,Female,Western Province,A+,"Dust or strong pollutants, Standard home environment (Work from Home / Remote)",Somewhat familiar (I know the basics),Yes,"Omnivore (Eats everything),",3–4 times a week,Food Allergy,Yes,,"Mild Intolerance (Stomach pain, Nausea)",No reaction,"Mild Intolerance (Stomach pain, Nausea)",No reaction,"Mild Intolerance (Stomach pain, Nausea)",No reaction,No reaction,"Mild Allergic Reaction (Skin rash, Itching, Runny nose)","Mild Allergic Reaction (Skin rash, Itching, Runny nose)","Mild Allergic Reaction (Skin rash, Itching, Runny nose)",No reaction,No reaction,No reaction,No reaction,No reaction,No reaction,"Mild Allergic Reaction (Skin rash, Itching, Runny nose)","fenugreek, cumin","Pineapple, rambutan",
6/25/2026 10:11,26,Female,Western Province,A+,Standard home environment (Work from Home / Remote),Somewhat familiar (I know the basics),Yes,"Omnivore (Eats everything),",Rarely (a few times a month),Food Allergy,No,No,No reaction,No reaction,No reaction,No reaction,No reaction,No reaction,No reaction,"Mild Allergic Reaction (Skin rash, Itching, Runny nose)","Mild Allergic Reaction (Skin rash, Itching, Runny nose)","Mild Allergic Reaction (Skin rash, Itching, Runny nose)",No reaction,No reaction,No reaction,No reaction,No reaction,No reaction,No reaction,No reaction,No,No
6/25/2026 10:15,23,Male,Western Province,AB+,Continuous air-conditioning,Not very familiar (I have heard of it but don't know much),No,"Omnivore (Eats everything),",Daily,Not sure,No,No,No reaction,No reaction,No reaction,No reaction,No reaction,No reaction,No reaction,No reaction,No reaction,No reaction,No reaction,No reaction,No reaction,No reaction,No reaction,No reaction,No reaction,No reaction,No,
6/25/2026 10:15,25,Male,Uva Province,B+,None of the above,Somewhat familiar (I know the basics),Yes,"Omnivore (Eats everything),",Daily,Not sure,No,No,No reaction,No reaction,No reaction,No reaction,No reaction,No reaction,No reaction,No reaction,No reaction,No reaction,No reaction,No reaction,No reaction,"Mild Allergic Reaction (Skin rash, Itching, Runny nose)",No reaction,No reaction,No reaction,No reaction,No,no
6/25/2026 10:16,23,Female,Western Province,I don't know / Not sure,"Dust or strong pollutants, Extreme heat or direct sunlight",Somewhat familiar (I know the basics),Yes,"Omnivore (Eats everything),",1–2 times a week,Food Allergy,Yes,Pineapple ,"Mild Intolerance (Stomach pain, Nausea)",No reaction,No reaction,No reaction,No reaction,No reaction,No reaction,No reaction,No reaction,No reaction,No reaction,No reaction,No reaction,No reaction,No reaction,No reaction,No reaction,No reaction,Pineapple,
6/25/2026 10:18,25,Female,Western Province,A+,Continuous air-conditioning,Somewhat familiar (I know the basics),Yes,"Vegetarian (Eats dairy/eggs, no meat),",3–4 times a week,Food Allergy,Yes,,"Mild Allergic Reaction (Skin rash, Itching, Runny nose)","Mild Allergic Reaction (Skin rash, Itching, Runny nose)",No reaction,"Mild Intolerance (Stomach pain, Nausea)","Mild Intolerance (Stomach pain, Nausea)","Mild Intolerance (Stomach pain, Nausea)","Mild Allergic Reaction (Skin rash, Itching, Runny nose)","Mild Allergic Reaction (Skin rash, Itching, Runny nose)","Mild Allergic Reaction (Skin rash, Itching, Runny nose)","Mild Intolerance (Stomach pain, Nausea)","Mild Intolerance (Stomach pain, Nausea)","Mild Intolerance (Stomach pain, Nausea)","Mild Allergic Reaction (Skin rash, Itching, Runny nose)","Mild Intolerance (Stomach pain, Nausea)","Mild Allergic Reaction (Skin rash, Itching, Runny nose)","Mild Allergic Reaction (Skin rash, Itching, Runny nose)","Mild Allergic Reaction (Skin rash, Itching, Runny nose)",No reaction,,
6/25/2026 10:40,26,Female,Western Province,AB-,None of the above,Very familiar (I have researched it or have direct experience),No,"Omnivore (Eats everything),",3–4 times a week,None of these,No,No,No reaction,No reaction,No reaction,No reaction,No reaction,No reaction,No reaction,No reaction,No reaction,No reaction,No reaction,No reaction,No reaction,No reaction,No reaction,No reaction,No reaction,No reaction,No,No
6/25/2026 10:43,25,Male,Western Province,O+,"Continuous air-conditioning, Agricultural or plant materials",Somewhat familiar (I know the basics),No,"Omnivore (Eats everything),",3–4 times a week,None of these,No,,No reaction,No reaction,No reaction,No reaction,No reaction,No reaction,No reaction,No reaction,No reaction,No reaction,No reaction,No reaction,"Mild Intolerance (Stomach pain, Nausea)","Mild Intolerance (Stomach pain, Nausea)","Mild Intolerance (Stomach pain, Nausea)",No reaction,No reaction,No reaction,No,No
6/25/2026 10:55,25,Male,Western Province,O+,Standard home environment (Work from Home / Remote),Somewhat familiar (I know the basics),Yes,"Omnivore (Eats everything),",1–2 times a week,Asthma,No,Tomato,"Mild Intolerance (Stomach pain, Nausea)",No reaction,No reaction,No reaction,No reaction,No reaction,No reaction,No reaction,No reaction,No reaction,No reaction,No reaction,No reaction,No reaction,No reaction,No reaction,No reaction,No reaction,,
6/25/2026 10:59,24,Male,Western Province,O+,Standard home environment (Work from Home / Remote),Somewhat familiar (I know the basics),Yes,"Omnivore (Eats everything),",1–2 times a week,Food Allergy,No,"Prawns, Shrimp, Squid, Pineapple",No reaction,No reaction,No reaction,No reaction,No reaction,No reaction,No reaction,"Mild Allergic Reaction (Skin rash, Itching, Runny nose)",No reaction,"Mild Allergic Reaction (Skin rash, Itching, Runny nose)",No reaction,No reaction,No reaction,No reaction,No reaction,No reaction,No reaction,No reaction,Pineapple,
6/25/2026 11:02,24,Female,Central Province,A+,Standard home environment (Work from Home / Remote),Somewhat familiar (I know the basics),Yes,"Omnivore (Eats everything),",1–2 times a week,None of these,No,Beef,No reaction,No reaction,No reaction,No reaction,No reaction,No reaction,No reaction,No reaction,No reaction,No reaction,No reaction,No reaction,"Mild Allergic Reaction (Skin rash, Itching, Runny nose)",No reaction,No reaction,No reaction,No reaction,No reaction,,
6/25/2026 11:04,25,Male,Western Province,O+,Standard home environment (Work from Home / Remote),Somewhat familiar (I know the basics),No,"Omnivore (Eats everything),",1–2 times a week,None of these,No,,No reaction,No reaction,No reaction,No reaction,No reaction,No reaction,No reaction,No reaction,No reaction,No reaction,No reaction,No reaction,No reaction,No reaction,No reaction,No reaction,No reaction,No reaction,,
6/25/2026 11:05,25,Male,Southern Province,B+,Standard home environment (Work from Home / Remote),Somewhat familiar (I know the basics),No,"Omnivore (Eats everything),",1–2 times a week,None of these,No,,No reaction,No reaction,No reaction,No reaction,No reaction,No reaction,No reaction,No reaction,No reaction,No reaction,No reaction,No reaction,No reaction,No reaction,No reaction,No reaction,No reaction,No reaction,,
6/25/2026 11:08,25,Female,Western Province,I don't know / Not sure,Standard home environment (Work from Home / Remote),Somewhat familiar (I know the basics),Yes,"Omnivore (Eats everything),",1–2 times a week,None of these,Yes,Spicy foods and prawns,"Mild Intolerance (Stomach pain, Nausea)",No reaction,No reaction,No reaction,No reaction,No reaction,No reaction,No reaction,"Mild Intolerance (Stomach pain, Nausea)",No reaction,No reaction,No reaction,No reaction,No reaction,No reaction,No reaction,"Mild Intolerance (Stomach pain, Nausea)",No reaction,,
6/25/2026 11:11,24,Female,Western Province,O+,Standard home environment (Work from Home / Remote),Somewhat familiar (I know the basics),No,"Omnivore (Eats everything),",1–2 times a week,Not sure,No,,No reaction,No reaction,No reaction,No reaction,No reaction,No reaction,No reaction,No reaction,No reaction,No reaction,No reaction,No reaction,No reaction,No reaction,No reaction,No reaction,"Mild Intolerance (Stomach pain, Nausea)",cumin,,
6/25/2026 11:13,24,Male,Western Province,I don't know / Not sure,Standard home environment (Work from Home / Remote),Somewhat familiar (I know the basics),No,"Omnivore (Eats everything),",1–2 times a week,None of these,No,,No reaction,No reaction,No reaction,No reaction,No reaction,No reaction,No reaction,No reaction,No reaction,No reaction,No reaction,No reaction,No reaction,No reaction,No reaction,No reaction,No reaction,No reaction,,
6/25/2026 11:14,26,Female,Sabaragamuwa Province,AB-,Standard home environment (Work from Home / Remote),Somewhat familiar (I know the basics),No,"Omnivore (Eats everything),",1–2 times a week,None of these,No,,No reaction,No reaction,No reaction,No reaction,No reaction,No reaction,No reaction,No reaction,No reaction,No reaction,No reaction,No reaction,No reaction,No reaction,No reaction,No reaction,No reaction,No reaction,,
6/25/2026 11:16,24,Female,Western Province,B-,Standard home environment (Work from Home / Remote),Somewhat familiar (I know the basics),No,"Omnivore (Eats everything),",3–4 times a week,None of these,No,Tomato,No reaction,No reaction,No reaction,No reaction,No reaction,No reaction,No reaction,No reaction,No reaction,No reaction,No reaction,No reaction,No reaction,No reaction,No reaction,No reaction,No reaction,No reaction,,
6/25/2026 11:17,24,Female,Western Province,O+,Continuous air-conditioning,Not very familiar (I have heard of it but don't know much),Yes,"Omnivore (Eats everything),",1–2 times a week,None of these,No,,No reaction,No reaction,No reaction,No reaction,No reaction,No reaction,No reaction,No reaction,No reaction,No reaction,No reaction,No reaction,No reaction,No reaction,No reaction,No reaction,"Mild Intolerance (Stomach pain, Nausea)",Mustard seeds,,
6/25/2026 11:18,25,Female,Western Province,O+,Standard home environment (Work from Home / Remote),Somewhat familiar (I know the basics),No,"Omnivore (Eats everything),",Rarely (a few times a month),None of these,No,,No reaction,No reaction,No reaction,No reaction,No reaction,No reaction,No reaction,No reaction,No reaction,No reaction,No reaction,No reaction,No reaction,No reaction,No reaction,No reaction,No reaction,No reaction,,
6/25/2026 11:20,26,Female,Western Province,A+,Standard home environment (Work from Home / Remote),Somewhat familiar (I know the basics),No,"Omnivore (Eats everything),",1–2 times a week,None of these,No,,No reaction,No reaction,No reaction,No reaction,No reaction,No reaction,No reaction,No reaction,No reaction,No reaction,No reaction,No reaction,No reaction,No reaction,No reaction,No reaction,"Mild Intolerance (Stomach pain, Nausea)",No reaction,,
6/25/2026 11:25,22,Female,Western Province,B+,Standard home environment (Work from Home / Remote),Somewhat familiar (I know the basics),Yes,"Omnivore (Eats everything),",3–4 times a week,Not sure,No,Flour,No reaction,No reaction,No reaction,No reaction,No reaction,No reaction,No reaction,"Mild Allergic Reaction (Skin rash, Itching, Runny nose)",No reaction,No reaction,No reaction,No reaction,"Mild Allergic Reaction (Skin rash, Itching, Runny nose)",No reaction,No reaction,No reaction,"Mild Intolerance (Stomach pain, Nausea)",No reaction,Pineapple,
6/25/2026 11:28,25,Male,Central Province,O+,Standard home environment (Work from Home / Remote),Somewhat familiar (I know the basics),Yes,"Omnivore (Eats everything),",3–4 times a week,Food Allergy,No,Tomato,No reaction,No reaction,No reaction,No reaction,No reaction,No reaction,No reaction,No reaction,No reaction,No reaction,No reaction,No reaction,"Mild Allergic Reaction (Skin rash, Itching, Runny nose)",No reaction,No reaction,No reaction,No reaction,No reaction,Pineapple,
6/25/2026 11:30,24,Female,Western Province,O+,Standard home environment (Work from Home / Remote),Somewhat familiar (I know the basics),No,"Vegetarian (Eats dairy/eggs, no meat),",1–2 times a week,None of these,No,,No reaction,No reaction,No reaction,No reaction,No reaction,No reaction,No reaction,No reaction,No reaction,No reaction,No reaction,No reaction,No reaction,No reaction,No reaction,No reaction,No reaction,No reaction,,
6/25/2026 11:31,25,Female,North Western Province,O+,Extreme heat or direct sunlight,Somewhat familiar (I know the basics),Yes,"Vegetarian (Eats dairy/eggs, no meat),",1–2 times a week,None of these,No,,No reaction,No reaction,No reaction,No reaction,No reaction,No reaction,No reaction,No reaction,No reaction,No reaction,No reaction,No reaction,"Mild Allergic Reaction (Skin rash, Itching, Runny nose)","Mild Allergic Reaction (Skin rash, Itching, Runny nose)","Mild Allergic Reaction (Skin rash, Itching, Runny nose)",No reaction,No reaction,No reaction,,
6/25/2026 11:33,25,Male,Western Province,B+,Standard home environment (Work from Home / Remote),Somewhat familiar (I know the basics),Yes,"Omnivore (Eats everything),",3–4 times a week,None of these,No,Pork,No reaction,No reaction,No reaction,No reaction,No reaction,No reaction,No reaction,No reaction,No reaction,No reaction,No reaction,No reaction,No reaction,"Mild Allergic Reaction (Skin rash, Itching, Runny nose)",No reaction,No reaction,No reaction,No reaction,,
6/25/2026 11:38,23,Female,Uva Province,A+,Standard home environment (Work from Home / Remote),Somewhat familiar (I know the basics),No,"Omnivore (Eats everything),",1–2 times a week,Not sure,No,"Pork, Beef, Mutton",No reaction,No reaction,No reaction,No reaction,No reaction,No reaction,No reaction,"Mild Intolerance (Stomach pain, Nausea)",No reaction,"Mild Intolerance (Stomach pain, Nausea)",No reaction,No reaction,"Mild Intolerance (Stomach pain, Nausea)","Mild Intolerance (Stomach pain, Nausea)",No reaction,No reaction,"Mild Intolerance (Stomach pain, Nausea)",cumin,,
6/25/2026 11:40,24,Female,Central Province,A+,Standard home environment (Work from Home / Remote),Somewhat familiar (I know the basics),No,"Omnivore (Eats everything),",3–4 times a week,Not sure,Yes,,"Mild Intolerance (Stomach pain, Nausea)",No reaction,No reaction,No reaction,No reaction,No reaction,No reaction,No reaction,No reaction,No reaction,No reaction,No reaction,No reaction,"Mild Intolerance (Stomach pain, Nausea)",No reaction,No reaction,No reaction,No reaction,,
6/25/2026 11:42,24,Female,Sabaragamuwa Province,B+,Standard home environment (Work from Home / Remote),Somewhat familiar (I know the basics),No,"Omnivore (Eats everything),",1–2 times a week,None of these,No,,No reaction,No reaction,No reaction,No reaction,No reaction,No reaction,No reaction,No reaction,No reaction,No reaction,No reaction,No reaction,No reaction,No reaction,No reaction,No reaction,No reaction,No reaction,,
6/25/2026 11:44,24,Female,Western Province,O+,Standard home environment (Work from Home / Remote),Somewhat familiar (I know the basics),Yes,"Omnivore (Eats everything),",1–2 times a week,Food Allergy,No,,"Mild Intolerance (Stomach pain, Nausea)",No reaction,No reaction,No reaction,No reaction,No reaction,No reaction,"Mild Allergic Reaction (Skin rash, Itching, Runny nose)","Mild Allergic Reaction (Skin rash, Itching, Runny nose)","Mild Allergic Reaction (Skin rash, Itching, Runny nose)",No reaction,No reaction,"Mild Allergic Reaction (Skin rash, Itching, Runny nose)","Mild Allergic Reaction (Skin rash, Itching, Runny nose)","Mild Allergic Reaction (Skin rash, Itching, Runny nose)",No reaction,No reaction,No reaction,,
6/25/2026 11:46,22,Male,Western Province,A+,Standard home environment (Work from Home / Remote),Somewhat familiar (I know the basics),Yes,"Omnivore (Eats everything),",1–2 times a week,Not sure,No,,No reaction,No reaction,No reaction,No reaction,No reaction,No reaction,No reaction,"Mild Allergic Reaction (Skin rash, Itching, Runny nose)","Mild Allergic Reaction (Skin rash, Itching, Runny nose)","Mild Allergic Reaction (Skin rash, Itching, Runny nose)",No reaction,No reaction,No reaction,No reaction,No reaction,No reaction,No reaction,Mustard seeds,,
6/25/2026 11:48,25,Female,Western Province,AB+,Standard home environment (Work from Home / Remote),Somewhat familiar (I know the basics),No,"Omnivore (Eats everything),",1–2 times a week,None of these,No,,No reaction,No reaction,No reaction,No reaction,No reaction,No reaction,No reaction,No reaction,No reaction,No reaction,No reaction,No reaction,No reaction,No reaction,No reaction,No reaction,No reaction,No reaction,,
6/25/2026 11:50,24,Female,Western Province,B+,Standard home environment (Work from Home / Remote),Somewhat familiar (I know the basics),No,"Omnivore (Eats everything),",3–4 times a week,None of these,No,Pork,No reaction,No reaction,No reaction,No reaction,No reaction,No reaction,No reaction,No reaction,No reaction,No reaction,No reaction,No reaction,No reaction,No reaction,No reaction,No reaction,No reaction,No reaction,,
6/25/2026 11:51,25,Female,Western Province,A+,Standard home environment (Work from Home / Remote),Somewhat familiar (I know the basics),No,"Omnivore (Eats everything),",3–4 times a week,None of these,No,,No reaction,No reaction,No reaction,No reaction,No reaction,No reaction,No reaction,No reaction,No reaction,No reaction,No reaction,No reaction,No reaction,No reaction,No reaction,No reaction,No reaction,No reaction,,
6/25/2026 11:53,24,Female,Western Province,I don't know / Not sure,Standard home environment (Work from Home / Remote),Somewhat familiar (I know the basics),No,"Omnivore (Eats everything),",1–2 times a week,Not sure,No,Beef,"Mild Intolerance (Stomach pain, Nausea)",No reaction,"Mild Intolerance (Stomach pain, Nausea)",No reaction,No reaction,No reaction,No reaction,No reaction,No reaction,No reaction,No reaction,No reaction,No reaction,No reaction,No reaction,No reaction,"Mild Intolerance (Stomach pain, Nausea)",No reaction,,
6/25/2026 11:58,35,Male,Western Province,O+,Continuous air-conditioning,Somewhat familiar (I know the basics),Yes,"Omnivore (Eats everything),",1–2 times a week,Asthma,No,,No reaction,No reaction,No reaction,"Mild Intolerance (Stomach pain, Nausea)",No reaction,No reaction,No reaction,No reaction,"Mild Allergic Reaction (Skin rash, Itching, Runny nose)","Mild Allergic Reaction (Skin rash, Itching, Runny nose)",No reaction,No reaction,No reaction,No reaction,No reaction,No reaction,No reaction,cumin,,
6/25/2026 12:04,34,Female,Western Province,O-,Continuous air-conditioning,Somewhat familiar (I know the basics),No,"Omnivore (Eats everything),",1–2 times a week,Food Allergy,No,"Pineapple, Tuna, Salmon",No reaction,No reaction,No reaction,No reaction,No reaction,No reaction,No reaction,No reaction,No reaction,No reaction,No reaction,No reaction,No reaction,No reaction,No reaction,No reaction,No reaction,No reaction,Pineapple,
6/25/2026 12:05,25,Male,Central Province,O+,Standard home environment (Work from Home / Remote),Not very familiar (I have heard of it but don't know much),No,"Omnivore (Eats everything),",1–2 times a week,None of these,No,,No reaction,No reaction,No reaction,No reaction,No reaction,No reaction,No reaction,No reaction,No reaction,No reaction,No reaction,No reaction,No reaction,No reaction,No reaction,No reaction,No reaction,No reaction,,
6/25/2026 12:06,14,Male,North Central Province,I don't know / Not sure,Standard home environment (Work from Home / Remote),Somewhat familiar (I know the basics),No,"Omnivore (Eats everything),",1–2 times a week,None of these,No,,No reaction,No reaction,No reaction,No reaction,No reaction,No reaction,No reaction,No reaction,No reaction,No reaction,No reaction,No reaction,No reaction,"Mild Allergic Reaction (Skin rash, Itching, Runny nose)",No reaction,No reaction,No reaction,No reaction,,
6/25/2026 12:46,14,Female,Western Province,A+,Standard home environment (Work from Home / Remote),Somewhat familiar (I know the basics),Yes,"Omnivore (Eats everything),",1–2 times a week,None of these,No,,No reaction,No reaction,No reaction,No reaction,No reaction,No reaction,No reaction,No reaction,No reaction,No reaction,No reaction,No reaction,No reaction,No reaction,No reaction,No reaction,No reaction,No reaction,Papaya,
6/25/2026 12:53,21,Female,Western Province,I don't know / Not sure,Standard home environment (Work from Home / Remote),Somewhat familiar (I know the basics),Yes,"Omnivore (Eats everything),",Rarely (a few times a month),"Food Allergy, Eczema",No,No,No reaction,No reaction,No reaction,No reaction,No reaction,No reaction,No reaction,No reaction,No reaction,No reaction,No reaction,No reaction,No reaction,No reaction,No reaction,No reaction,No reaction,No reaction,Pineapple,No
6/25/2026 13:12,25,Female,Western Province,O+,Standard home environment (Work from Home / Remote),Somewhat familiar (I know the basics),No,"Omnivore (Eats everything),",1–2 times a week,Asthma,No,"Yes. Sausages, seafood ",No reaction,No reaction,No reaction,No reaction,No reaction,No reaction,No reaction,"Mild Allergic Reaction (Skin rash, Itching, Runny nose)",No reaction,No reaction,No reaction,"Mild Allergic Reaction (Skin rash, Itching, Runny nose)",No reaction,No reaction,No reaction,No reaction,No reaction,No reaction,No,No
6/25/2026 14:18,24,Female,Western Province,B+,Continuous air-conditioning,Not very familiar (I have heard of it but don't know much),No,"Omnivore (Eats everything),",Rarely (a few times a month),None of these,No,No,No reaction,No reaction,No reaction,No reaction,No reaction,No reaction,No reaction,No reaction,No reaction,No reaction,No reaction,No reaction,"Mild Intolerance (Stomach pain, Nausea)","Mild Intolerance (Stomach pain, Nausea)",No reaction,No reaction,"Mild Intolerance (Stomach pain, Nausea)",No reaction,No,No
6/25/2026 17:01,24,Female,Central Province,O+,"Extreme heat or direct sunlight, Standard home environment (Work from Home / Remote)",Somewhat familiar (I know the basics),No,"Omnivore (Eats everything),",Daily,None of these,No,"Yes, pineapple, tomato, tuna,",No reaction,No reaction,No reaction,No reaction,No reaction,No reaction,No reaction,No reaction,No reaction,No reaction,No reaction,No reaction,No reaction,No reaction,No reaction,No reaction,No reaction,No reaction,No,No
6/25/2026 17:18,25,Female,Western Province,AB+,Continuous air-conditioning,Not very familiar (I have heard of it but don't know much),Yes,"Omnivore (Eats everything),",1–2 times a week,None of these,No,No,"Mild Intolerance (Stomach pain, Nausea)","Mild Intolerance (Stomach pain, Nausea)","Mild Allergic Reaction (Skin rash, Itching, Runny nose)","Mild Allergic Reaction (Skin rash, Itching, Runny nose)","Mild Intolerance (Stomach pain, Nausea)","Mild Intolerance (Stomach pain, Nausea)","Mild Allergic Reaction (Skin rash, Itching, Runny nose)","Mild Intolerance (Stomach pain, Nausea)",No reaction,No reaction,No reaction,No reaction,No reaction,"Mild Intolerance (Stomach pain, Nausea)",No reaction,No reaction,No reaction,No reaction,No,"It's not a allergy ,I have migraine ,that's why I aware from nuts, chocolate and caffeine "
6/25/2026 21:06,25,Female,Western Province,A+,Standard home environment (Work from Home / Remote),Not very familiar (I have heard of it but don't know much),No,"Vegetarian (Eats dairy/eggs, no meat),",Rarely (a few times a month),None of these,No,No,No reaction,No reaction,No reaction,No reaction,No reaction,No reaction,No reaction,No reaction,No reaction,No reaction,No reaction,No reaction,No reaction,No reaction,No reaction,No reaction,No reaction,No reaction,No,No
6/25/2026 22:00,25,Female,Western Province,O+,"Extreme heat or direct sunlight, Standard home environment (Work from Home / Remote)",Not very familiar (I have heard of it but don't know much),No,"Omnivore (Eats everything),",Daily,Not sure,No,Seafoods & meats ,No reaction,No reaction,No reaction,No reaction,No reaction,No reaction,No reaction,No reaction,No reaction,No reaction,No reaction,No reaction,No reaction,No reaction,No reaction,No reaction,No reaction,No reaction,,
6/25/2026 22:06,25,Female,North Western Province,O+,None of the above,Very familiar (I have researched it or have direct experience),Yes,"Omnivore (Eats everything),",Daily,Not sure,No,,No reaction,No reaction,No reaction,No reaction,No reaction,No reaction,No reaction,No reaction,No reaction,No reaction,No reaction,No reaction,"Mild Allergic Reaction (Skin rash, Itching, Runny nose)","Mild Allergic Reaction (Skin rash, Itching, Runny nose)","Mild Allergic Reaction (Skin rash, Itching, Runny nose)",No reaction,No reaction,No reaction,,
6/25/2026 22:16,52,Female,Western Province,O+,Standard home environment (Work from Home / Remote),Very familiar (I have researched it or have direct experience),Yes,"Vegetarian (Eats dairy/eggs, no meat),",1–2 times a week,Food Allergy,No,,No reaction,No reaction,No reaction,No reaction,No reaction,No reaction,No reaction,No reaction,No reaction,No reaction,No reaction,No reaction,"Severe Allergic Reaction (Swelling, Breathing difficulty)","Severe Allergic Reaction (Swelling, Breathing difficulty)","Severe Allergic Reaction (Swelling, Breathing difficulty)",No reaction,No reaction,No reaction,,
6/25/2026 22:17,55,Male,Western Province,O+,"Extreme heat or direct sunlight, Standard home environment (Work from Home / Remote)",Very familiar (I have researched it or have direct experience),Yes,"Omnivore (Eats everything),",3–4 times a week,Not sure,No,,No reaction,No reaction,No reaction,No reaction,No reaction,No reaction,No reaction,"Severe Allergic Reaction (Swelling, Breathing difficulty)","Severe Allergic Reaction (Swelling, Breathing difficulty)","Severe Allergic Reaction (Swelling, Breathing difficulty)",No reaction,No reaction,No reaction,No reaction,No reaction,No reaction,No reaction,No reaction,,
6/25/2026 22:18,20,Male,Western Province,O+,"Extreme heat or direct sunlight, Standard home environment (Work from Home / Remote)",Not very familiar (I have heard of it but don't know much),No,"Omnivore (Eats everything),",3–4 times a week,None of these,No,,No reaction,No reaction,No reaction,No reaction,No reaction,No reaction,No reaction,No reaction,No reaction,No reaction,No reaction,No reaction,No reaction,No reaction,No reaction,No reaction,No reaction,No reaction,,
6/25/2026 22:19,50,Female,Western Province,O+,Standard home environment (Work from Home / Remote),Somewhat familiar (I know the basics),No,"Omnivore (Eats everything),",Rarely (a few times a month),None of these,No,No,No reaction,No reaction,No reaction,No reaction,No reaction,No reaction,No reaction,No reaction,No reaction,No reaction,No reaction,"Mild Allergic Reaction (Skin rash, Itching, Runny nose)",No reaction,No reaction,No reaction,No reaction,No reaction,No reaction,No,No
6/25/2026 22:19,25,Female,Central Province,A+,Standard home environment (Work from Home / Remote),Somewhat familiar (I know the basics),No,"Omnivore (Eats everything),",1–2 times a week,None of these,No,no,No reaction,No reaction,No reaction,No reaction,No reaction,No reaction,No reaction,No reaction,No reaction,No reaction,No reaction,No reaction,No reaction,No reaction,No reaction,No reaction,No reaction,No reaction,no,no
6/25/2026 22:41,25,Female,Western Province,B+,Dust or strong pollutants,Not very familiar (I have heard of it but don't know much),No,"Omnivore (Eats everything),",3–4 times a week,Not sure,No,Yes my sister has.asthma ,No reaction,No reaction,No reaction,No reaction,No reaction,No reaction,No reaction,No reaction,No reaction,No reaction,No reaction,No reaction,No reaction,No reaction,No reaction,No reaction,No reaction,No reaction,No,no
6/25/2026 23:11,24,Female,Western Province,B+,Extreme heat or direct sunlight,Not very familiar (I have heard of it but don't know much),Yes,"Omnivore (Eats everything),",Rarely (a few times a month),Asthma,No,No,No reaction,No reaction,No reaction,No reaction,No reaction,No reaction,No reaction,"Mild Allergic Reaction (Skin rash, Itching, Runny nose)","Mild Allergic Reaction (Skin rash, Itching, Runny nose)","Mild Allergic Reaction (Skin rash, Itching, Runny nose)",No reaction,"Mild Allergic Reaction (Skin rash, Itching, Runny nose)","Mild Allergic Reaction (Skin rash, Itching, Runny nose)","Mild Allergic Reaction (Skin rash, Itching, Runny nose)","Mild Allergic Reaction (Skin rash, Itching, Runny nose)",No reaction,No reaction,No reaction,"Rambutan,tomato,pineapple,star fruit",No
6/26/2026 3:17,24,Female,Western Province,B+,Agricultural or plant materials,Very familiar (I have researched it or have direct experience),No,"Omnivore (Eats everything),",3–4 times a week,Food Allergy,No,,"Mild Allergic Reaction (Skin rash, Itching, Runny nose)","Mild Intolerance (Stomach pain, Nausea)","Mild Intolerance (Stomach pain, Nausea)","Mild Allergic Reaction (Skin rash, Itching, Runny nose)","Mild Allergic Reaction (Skin rash, Itching, Runny nose)","Mild Allergic Reaction (Skin rash, Itching, Runny nose)","Mild Allergic Reaction (Skin rash, Itching, Runny nose)",No reaction,"Mild Intolerance (Stomach pain, Nausea)","Mild Intolerance (Stomach pain, Nausea)",No reaction,No reaction,"Mild Allergic Reaction (Skin rash, Itching, Runny nose)","Mild Allergic Reaction (Skin rash, Itching, Runny nose)","Mild Allergic Reaction (Skin rash, Itching, Runny nose)","Mild Allergic Reaction (Skin rash, Itching, Runny nose)","Mild Intolerance (Stomach pain, Nausea)",cumin,,
6/26/2026 8:08,29,Female,Western Province,B+,Standard home environment (Work from Home / Remote),Somewhat familiar (I know the basics),No,"Omnivore (Eats everything),",Rarely (a few times a month),Asthma,No,no,No reaction,No reaction,No reaction,No reaction,No reaction,No reaction,No reaction,No reaction,"Mild Intolerance (Stomach pain, Nausea)","Mild Intolerance (Stomach pain, Nausea)",No reaction,No reaction,"Mild Intolerance (Stomach pain, Nausea)","Mild Intolerance (Stomach pain, Nausea)","Mild Intolerance (Stomach pain, Nausea)",No reaction,No reaction,No reaction,no,no
6/26/2026 9:15,32,Female,Western Province,O+,Continuous air-conditioning,Not very familiar (I have heard of it but don't know much),No,"Omnivore (Eats everything),",Rarely (a few times a month),None of these,No,No,No reaction,No reaction,No reaction,No reaction,No reaction,No reaction,No reaction,No reaction,No reaction,No reaction,No reaction,No reaction,No reaction,No reaction,No reaction,No reaction,No reaction,No reaction,No,No
6/26/2026 9:57,20,Male,Western Province,O+,"Dust or strong pollutants, Continuous air-conditioning",Not very familiar (I have heard of it but don't know much),Yes,"Omnivore (Eats everything),",Rarely (a few times a month),None of these,No,,No reaction,No reaction,No reaction,No reaction,No reaction,No reaction,No reaction,No reaction,No reaction,No reaction,No reaction,No reaction,No reaction,"Mild Intolerance (Stomach pain, Nausea)",No reaction,No reaction,No reaction,No reaction,,
6/26/2026 10:08,25,Female,Western Province,O+,"Dust or strong pollutants, Continuous air-conditioning",Somewhat familiar (I know the basics),Yes,"Omnivore (Eats everything),",Rarely (a few times a month),Not sure,No,,No reaction,No reaction,No reaction,No reaction,No reaction,No reaction,No reaction,No reaction,No reaction,No reaction,No reaction,No reaction,No reaction,No reaction,No reaction,No reaction,No reaction,No reaction,"Something if eat more Rambutan, Jackfruit ",
6/26/2026 12:55,27,Male,Western Province,A+,"Dust or strong pollutants, Continuous air-conditioning",Somewhat familiar (I know the basics),Yes,"Omnivore (Eats everything),",1–2 times a week,Not sure,No,No,No reaction,No reaction,No reaction,No reaction,No reaction,No reaction,No reaction,No reaction,No reaction,No reaction,No reaction,No reaction,No reaction,No reaction,No reaction,No reaction,No reaction,No reaction,No,Not Sure
6/26/2026 13:11,26,Female,North Central Province,AB+,Standard home environment (Work from Home / Remote),Not very familiar (I have heard of it but don't know much),No,"Omnivore (Eats everything),",3–4 times a week,Not sure,No,No,No reaction,No reaction,No reaction,No reaction,No reaction,No reaction,No reaction,No reaction,No reaction,"Mild Allergic Reaction (Skin rash, Itching, Runny nose)",No reaction,No reaction,No reaction,No reaction,No reaction,No reaction,No reaction,No reaction,No,No
6/26/2026 13:30,24,Female,Western Province,B+,Standard home environment (Work from Home / Remote),Not very familiar (I have heard of it but don't know much),No,"Omnivore (Eats everything),",Daily,None of these,No,,No reaction,No reaction,No reaction,No reaction,No reaction,No reaction,No reaction,No reaction,No reaction,No reaction,No reaction,No reaction,No reaction,No reaction,No reaction,No reaction,No reaction,No reaction,,
6/26/2026 14:21,30,Female,Uva Province,O+,Chemicals or strong fumes,Somewhat familiar (I know the basics),Yes,"Omnivore (Eats everything),",3–4 times a week,Food Allergy,Yes,"yes,curd","Mild Intolerance (Stomach pain, Nausea)",No reaction,"Mild Allergic Reaction (Skin rash, Itching, Runny nose)","Mild Allergic Reaction (Skin rash, Itching, Runny nose)",No reaction,No reaction,"Mild Intolerance (Stomach pain, Nausea)","Mild Allergic Reaction (Skin rash, Itching, Runny nose)","Mild Allergic Reaction (Skin rash, Itching, Runny nose)","Mild Allergic Reaction (Skin rash, Itching, Runny nose)","Mild Intolerance (Stomach pain, Nausea)","Mild Intolerance (Stomach pain, Nausea)","Mild Intolerance (Stomach pain, Nausea)","Mild Intolerance (Stomach pain, Nausea)",No reaction,No reaction,"Mild Intolerance (Stomach pain, Nausea)",Mustard seeds,"Tomato, Pineapple ",No
6/26/2026 14:51,25,Female,Western Province,O+,None of the above,Somewhat familiar (I know the basics),Yes,"Vegetarian (Eats dairy/eggs, no meat),",1–2 times a week,None of these,No,No,No reaction,No reaction,No reaction,No reaction,No reaction,No reaction,No reaction,No reaction,No reaction,No reaction,No reaction,No reaction,No reaction,"Mild Allergic Reaction (Skin rash, Itching, Runny nose)",No reaction,No reaction,No reaction,No reaction,No,No
6/26/2026 16:53,26,Female,Western Province,A-,"Continuous air-conditioning, Standard home environment (Work from Home / Remote)",Somewhat familiar (I know the basics),Yes,"Omnivore (Eats everything),",Daily,Food Allergy,Yes,,No reaction,No reaction,No reaction,No reaction,No reaction,No reaction,No reaction,No reaction,No reaction,No reaction,No reaction,No reaction,"Mild Intolerance (Stomach pain, Nausea)","Mild Intolerance (Stomach pain, Nausea)","Mild Intolerance (Stomach pain, Nausea)",No reaction,No reaction,Mustard seeds,,
6/26/2026 18:20,14,Female,Western Province,B+,Standard home environment (Work from Home / Remote),Not very familiar (I have heard of it but don't know much),Yes,"Omnivore (Eats everything),",Daily,None of these,No,"Squid, Calms, Beef, Pork",No reaction,No reaction,No reaction,No reaction,No reaction,No reaction,No reaction,No reaction,No reaction,No reaction,No reaction,No reaction,"Mild Intolerance (Stomach pain, Nausea)","Mild Intolerance (Stomach pain, Nausea)",No reaction,No reaction,"Mild Allergic Reaction (Skin rash, Itching, Runny nose)",No reaction,,
6/26/2026 18:24,50,Male,Western Province,B+,Continuous air-conditioning,Somewhat familiar (I know the basics),Yes,"Omnivore (Eats everything),",Daily,Food Allergy,No,"Shrimp, Fishes",No reaction,No reaction,No reaction,No reaction,No reaction,No reaction,No reaction,No reaction,No reaction,No reaction,No reaction,"Mild Allergic Reaction (Skin rash, Itching, Runny nose)","Mild Allergic Reaction (Skin rash, Itching, Runny nose)","Mild Allergic Reaction (Skin rash, Itching, Runny nose)",No reaction,No reaction,No reaction,No reaction,Calms,
6/26/2026 18:34,25,Female,Western Province,B+,None of the above,Somewhat familiar (I know the basics),Yes,"Omnivore (Eats everything),",3–4 times a week,Not sure,No,"Yes, Avocado,  breadfruit ",No reaction,No reaction,No reaction,No reaction,No reaction,No reaction,No reaction,No reaction,No reaction,No reaction,No reaction,No reaction,No reaction,No reaction,No reaction,No reaction,No reaction,No reaction,Breadfruit ,Avocado 
6/26/2026 18:36,14,Male,Western Province,I don't know / Not sure,Standard home environment (Work from Home / Remote),Somewhat familiar (I know the basics),Yes,"Omnivore (Eats everything),",Daily,Food Allergy,No,,No reaction,No reaction,No reaction,No reaction,No reaction,No reaction,No reaction,No reaction,No reaction,No reaction,No reaction,No reaction,"Mild Allergic Reaction (Skin rash, Itching, Runny nose)","Mild Allergic Reaction (Skin rash, Itching, Runny nose)","Mild Allergic Reaction (Skin rash, Itching, Runny nose)",No reaction,No reaction,No reaction,,
6/26/2026 18:41,82,Female,Western Province,I don't know / Not sure,Standard home environment (Work from Home / Remote),Somewhat familiar (I know the basics),Yes,"Omnivore (Eats everything),",Rarely (a few times a month),Food Allergy,No,,No reaction,No reaction,No reaction,No reaction,No reaction,No reaction,No reaction,"Mild Allergic Reaction (Skin rash, Itching, Runny nose)","Mild Allergic Reaction (Skin rash, Itching, Runny nose)","Mild Allergic Reaction (Skin rash, Itching, Runny nose)","Mild Allergic Reaction (Skin rash, Itching, Runny nose)","Mild Allergic Reaction (Skin rash, Itching, Runny nose)","Mild Allergic Reaction (Skin rash, Itching, Runny nose)","Mild Allergic Reaction (Skin rash, Itching, Runny nose)","Mild Allergic Reaction (Skin rash, Itching, Runny nose)",No reaction,"Mild Intolerance (Stomach pain, Nausea)",No reaction,"Rambutan, Pineapple, Tomato",
6/26/2026 18:53,42,Female,Western Province,O-,Standard home environment (Work from Home / Remote),Somewhat familiar (I know the basics),Yes,"Vegetarian (Eats dairy/eggs, no meat),",1–2 times a week,Food Allergy,Yes,Milk/ diary,"Mild Intolerance (Stomach pain, Nausea)",No reaction,No reaction,No reaction,No reaction,No reaction,No reaction,No reaction,No reaction,No reaction,No reaction,No reaction,"Mild Allergic Reaction (Skin rash, Itching, Runny nose)","Severe Allergic Reaction (Swelling, Breathing difficulty)","Severe Allergic Reaction (Swelling, Breathing difficulty)",No reaction,No reaction,No reaction,,
6/26/2026 18:57,20,Male,Western Province,B+,Extreme heat or direct sunlight,Somewhat familiar (I know the basics),No,"Omnivore (Eats everything),",1–2 times a week,None of these,Yes,,No reaction,No reaction,No reaction,No reaction,No reaction,No reaction,No reaction,No reaction,"Mild Intolerance (Stomach pain, Nausea)",No reaction,No reaction,No reaction,No reaction,No reaction,"Mild Intolerance (Stomach pain, Nausea)",No reaction,No reaction,No reaction,Jackfruit,
6/26/2026 19:02,20,Male,Western Province,O+,Standard home environment (Work from Home / Remote),Somewhat familiar (I know the basics),No,"Omnivore (Eats everything),",Rarely (a few times a month),None of these,No,,No reaction,No reaction,No reaction,No reaction,No reaction,No reaction,No reaction,No reaction,No reaction,No reaction,No reaction,No reaction,No reaction,No reaction,No reaction,No reaction,No reaction,No reaction,,
6/26/2026 19:34,38,Female,Western Province,A+,Dust or strong pollutants,Very familiar (I have researched it or have direct experience),Yes,"Omnivore (Eats everything),",Rarely (a few times a month),Not sure,No,"Yes pork, beef",No reaction,No reaction,No reaction,No reaction,"Severe Allergic Reaction (Swelling, Breathing difficulty)",No reaction,No reaction,No reaction,No reaction,No reaction,No reaction,No reaction,"Severe Allergic Reaction (Swelling, Breathing difficulty)",No reaction,No reaction,No reaction,No reaction,No reaction,No,
6/26/2026 20:00,61,Male,Western Province,A+,Standard home environment (Work from Home / Remote),Somewhat familiar (I know the basics),Yes,"Vegetarian (Eats dairy/eggs, no meat),",Rarely (a few times a month),None of these,No,,No reaction,No reaction,No reaction,No reaction,No reaction,No reaction,No reaction,"Mild Intolerance (Stomach pain, Nausea)","Mild Intolerance (Stomach pain, Nausea)","Mild Intolerance (Stomach pain, Nausea)",No reaction,"Mild Intolerance (Stomach pain, Nausea)","Mild Intolerance (Stomach pain, Nausea)","Mild Intolerance (Stomach pain, Nausea)","Mild Intolerance (Stomach pain, Nausea)",No reaction,No reaction,No reaction,"Tomato, Pineapple, Rambutan, Moringa",
6/26/2026 20:03,34,Female,Western Province,O+,Standard home environment (Work from Home / Remote),Somewhat familiar (I know the basics),No,"Omnivore (Eats everything),",1–2 times a week,None of these,No,,No reaction,No reaction,No reaction,No reaction,No reaction,No reaction,No reaction,No reaction,No reaction,No reaction,No reaction,No reaction,No reaction,No reaction,No reaction,No reaction,No reaction,No reaction,,
6/27/2026 17:45,20,Male,Western Province,B+,Continuous air-conditioning,Somewhat familiar (I know the basics),Yes,"Omnivore (Eats everything),",3–4 times a week,Food Allergy,No,,No reaction,No reaction,No reaction,No reaction,No reaction,No reaction,No reaction,No reaction,No reaction,No reaction,No reaction,No reaction,No reaction,No reaction,No reaction,No reaction,"Mild Intolerance (Stomach pain, Nausea)",No reaction,Gotukola,
